step,epoch,train_f1_mikro,train_loss,val_loss,val_f1_mikro,test_f1_mikro,test_loss
49,0,0.06779661029577255,0.6992906928062439,,,,
99,0,0.07302231341600418,0.6991428732872009,,,,
126,0,,,0.6989249587059021,0.06705751270055771,,
127,1,,,,,0.06628228724002838,0.6989849805831909
