fold,test_loss,test_f1_mikro
0,0.7021142840385437,0.06628228724002838
1,0.6945494413375854,0.06628228724002838
2,0.6867742538452148,0.06628228724002838
3,0.6989849805831909,0.06628228724002838
4,0.6952707171440125,0.06628228724002838
