,threshold,accuracy,precision,recall,f1_mikro,f1_makro,model
0,0.05,0.0,0.03429793502471404,1.0,0.06632119017794327,0.05823057717297188,Simple CNN
0,0.05,0.0,0.03429793502471404,1.0,0.06632119017794327,0.05823057717297188,Complex CNN
7,0.5,0.0,0.04218073057553166,0.496248382923674,0.07775255391600455,0.027606048678020544,Deep CNN
