,threshold,accuracy,precision,recall,f1_mikro,f1_makro,model
0,0.1,0.0,0.05350877192982456,1.0,0.1015820149875104,0.07179701962983696,Simple CNN
0,0.1,0.0,0.05350877192982456,1.0,0.1015820149875104,0.07179701962983696,Complex CNN
0,0.1,0.0,0.05350877192982456,1.0,0.1015820149875104,0.07179701962983696,Deep CNN
