,threshold,accuracy,precision,recall,f1_mikro,f1_makro,model
6,0.4,0.0,0.034569663246133836,0.9901681759379043,0.06680690239069906,0.0575704286103452,Simple CNN
