step,epoch,train_f1_mikro,train_loss,val_loss,val_f1_mikro,test_f1_mikro,test_loss
49,0,0.05725971236824989,0.6954209804534912,,,,
99,0,0.06779661029577255,0.6953791975975037,,,,
126,0,,,0.6946403980255127,0.06767883151769638,,
127,1,,,,,0.06628228724002838,0.6945494413375854
