step,epoch,train_f1_mikro,train_loss,val_loss,val_f1_mikro,test_f1_mikro,test_loss
49,0,0.06451612710952759,0.695824384689331,,,,
99,0,0.06451612710952759,0.6957570910453796,,,,
126,0,,,0.6951504945755005,0.06794971227645874,,
127,1,,,,,0.06628228724002838,0.6952707171440125
