step,epoch,train_f1_mikro,train_loss,val_loss,val_f1_mikro,test_f1_mikro,test_loss
49,0,0.0704130008816719,0.7026548385620117,,,,
99,0,0.05725971236824989,0.7023434638977051,,,,
126,0,,,0.7020727396011353,0.06664031744003296,,
127,1,,,,,0.06628228724002838,0.7021142840385437
