{"train_loss": 0.09179292619228363, "train_fbeta": 0.0, "epoch": 9, "trainer/global_step": 3959, "_timestamp": 1700417241.7597265, "_runtime": 5263.957564592361, "_step": 88, "val_loss": 0.10136813670396805, "val_fbeta": 0.0, "_wandb": {"runtime": 5262}}