step,epoch,train_f1_mikro,train_loss,val_loss,val_f1_mikro,test_f1_mikro,test_loss
49,0,0.06385869532823563,0.687379002571106,,,,
99,0,0.06845137476921082,0.6867093443870544,,,,
126,0,,,0.6867508292198181,0.06774549931287766,,
127,1,,,,,0.06628228724002838,0.6867742538452148
